Time,Epoch,Step,Loss
2022-06-14 20:25:35,0,0,1.229355
2022-06-14 20:26:02,0,1,1.106556
2022-06-14 20:26:02,0,2,1.406058
2022-06-14 20:26:09,0,3,1.427826
2022-06-14 20:26:09,0,4,1.150533
2022-06-14 20:26:10,0,5,1.085905
2022-06-14 20:26:16,0,6,1.438226
2022-06-14 20:26:22,0,7,1.208352
2022-06-14 20:26:22,0,8,0.981314
2022-06-14 20:26:28,0,9,1.062480
2022-06-14 20:26:35,0,10,1.126037
2022-06-14 20:26:41,0,11,1.086366
2022-06-14 20:26:42,1,12,1.252966
2022-06-14 20:26:43,1,13,1.045154
2022-06-14 20:26:43,1,14,1.197125
2022-06-14 20:26:44,1,15,1.290693
2022-06-14 20:26:44,1,16,1.214822
2022-06-14 20:26:45,1,17,1.029848
2022-06-14 20:26:45,1,18,1.106477
2022-06-14 20:26:46,1,19,0.924583
2022-06-14 20:26:46,1,20,1.169925
2022-06-14 20:26:47,1,21,0.955675
2022-06-14 20:26:47,1,22,1.067162
2022-06-14 20:26:48,1,23,1.156739
2022-06-14 20:26:49,2,24,1.038501
2022-06-14 20:26:49,2,25,0.887716
2022-06-14 20:26:50,2,26,1.067305
2022-06-14 20:26:50,2,27,0.907452
2022-06-14 20:26:56,2,28,1.150634
2022-06-14 20:26:57,2,29,1.372703
2022-06-14 20:26:58,2,30,1.097903
2022-06-14 20:26:58,2,31,1.009366
2022-06-14 20:26:59,2,32,1.041216
2022-06-14 20:26:59,2,33,1.068267
2022-06-14 20:27:00,2,34,1.205795
2022-06-14 20:27:00,2,35,0.978770
2022-06-14 20:27:01,3,36,0.996938
2022-06-14 20:27:01,3,37,0.955971
2022-06-14 20:27:02,3,38,1.171400
2022-06-14 20:27:03,3,39,1.068409
2022-06-14 20:27:03,3,40,0.959755
2022-06-14 20:27:04,3,41,0.918469
2022-06-14 20:27:04,3,42,1.067400
2022-06-14 20:27:05,3,43,1.187677
2022-06-14 20:27:05,3,44,1.027670
2022-06-14 20:27:12,3,45,0.934069
2022-06-14 20:27:18,3,46,1.107754
2022-06-14 20:27:25,3,47,1.014186
2022-06-14 20:27:26,4,48,1.175815
2022-06-14 20:27:26,4,49,1.212153
2022-06-14 20:27:27,4,50,0.967804
2022-06-14 20:27:33,4,51,0.771545
2022-06-14 20:27:39,4,52,0.832154
2022-06-14 20:27:40,4,53,0.842588
2022-06-14 20:27:40,4,54,1.023087
2022-06-14 20:27:41,4,55,0.950454
2022-06-14 20:27:42,4,56,1.406787
2022-06-14 20:27:42,4,57,0.841411
2022-06-14 20:27:43,4,58,0.831705
2022-06-14 20:27:43,4,59,0.734137
2022-06-14 20:27:44,5,60,0.885948
2022-06-14 20:27:44,5,61,0.852225
2022-06-14 20:27:45,5,62,0.886411
2022-06-14 20:27:45,5,63,0.903635
2022-06-14 20:27:46,5,64,1.274120
2022-06-14 20:27:46,5,65,0.809107
2022-06-14 20:27:47,5,66,0.772868
2022-06-14 20:27:48,5,67,0.892250
2022-06-14 20:27:48,5,68,0.833908
2022-06-14 20:27:49,5,69,0.957116
2022-06-14 20:27:49,5,70,0.998286
2022-06-14 20:27:50,5,71,0.876797
2022-06-14 20:27:51,6,72,0.837856
2022-06-14 20:27:51,6,73,0.690200
2022-06-14 20:27:52,6,74,0.651630
2022-06-14 20:27:53,6,75,0.918328
2022-06-14 20:27:53,6,76,0.883733
2022-06-14 20:27:54,6,77,0.789564
2022-06-14 20:27:54,6,78,0.890204
2022-06-14 20:27:55,6,79,0.719822
2022-06-14 20:27:55,6,80,0.813609
2022-06-14 20:27:56,6,81,1.276277
2022-06-14 20:27:56,6,82,0.565832
2022-06-14 20:28:04,6,83,0.851126
2022-06-14 20:28:04,7,84,1.092299
2022-06-14 20:28:05,7,85,0.953916
2022-06-14 20:28:05,7,86,0.653825
2022-06-14 20:28:06,7,87,0.631154
2022-06-14 20:28:13,7,88,0.648057
2022-06-14 20:28:13,7,89,0.757987
2022-06-14 20:28:14,7,90,0.766293
2022-06-14 20:28:14,7,91,0.799805
2022-06-14 20:28:15,7,92,0.676953
2022-06-14 20:28:15,7,93,0.736814
2022-06-14 20:28:16,7,94,0.998206
2022-06-14 20:28:16,7,95,0.775171
2022-06-14 20:28:17,8,96,0.787428
2022-06-14 20:28:24,8,97,0.572973
2022-06-14 20:28:24,8,98,0.756110
2022-06-14 20:28:25,8,99,0.901781
2022-06-14 20:28:25,8,100,0.686587
2022-06-14 20:28:32,8,101,0.679389
2022-06-14 20:28:32,8,102,0.982320
2022-06-14 20:28:33,8,103,0.673784
2022-06-14 20:28:40,8,104,0.664151
2022-06-14 20:28:40,8,105,0.597334
2022-06-14 20:28:41,8,106,0.706682
2022-06-14 20:28:41,8,107,0.791947
2022-06-14 20:28:42,9,108,0.439010
2022-06-14 20:28:43,9,109,0.784355
2022-06-14 20:28:43,9,110,0.638855
2022-06-14 20:28:44,9,111,0.858885
2022-06-14 20:28:44,9,112,0.860511
2022-06-14 20:28:45,9,113,0.484631
2022-06-14 20:28:45,9,114,0.657713
2022-06-14 20:28:52,9,115,0.636427
2022-06-14 20:29:00,9,116,0.649501
2022-06-14 20:29:06,9,117,0.716530
2022-06-14 20:29:06,9,118,0.868910
2022-06-14 20:29:07,9,119,0.594930
2022-06-14 20:29:08,10,120,0.788335
2022-06-14 20:29:08,10,121,0.866875
2022-06-14 20:29:09,10,122,0.438012
2022-06-14 20:29:09,10,123,0.707009
2022-06-14 20:29:10,10,124,0.585491
2022-06-14 20:29:10,10,125,0.513263
2022-06-14 20:29:11,10,126,0.371224
2022-06-14 20:29:11,10,127,0.692484
2022-06-14 20:29:12,10,128,0.903331
2022-06-14 20:29:13,10,129,0.581720
2022-06-14 20:29:13,10,130,0.604966
2022-06-14 20:29:14,10,131,0.581033
2022-06-14 20:29:20,11,132,0.516187
2022-06-14 20:29:21,11,133,0.608857
2022-06-14 20:29:22,11,134,0.607984
2022-06-14 20:29:22,11,135,0.483265
2022-06-14 20:29:23,11,136,0.721213
2022-06-14 20:29:29,11,137,0.542730
2022-06-14 20:29:30,11,138,0.563037
2022-06-14 20:29:30,11,139,0.620858
2022-06-14 20:29:31,11,140,1.023839
2022-06-14 20:29:31,11,141,0.508971
2022-06-14 20:29:32,11,142,0.811906
2022-06-14 20:29:38,11,143,0.730664
2022-06-14 20:29:39,12,144,0.650617
2022-06-14 20:29:40,12,145,0.713109
2022-06-14 20:29:40,12,146,0.671241
2022-06-14 20:29:41,12,147,0.551680
2022-06-14 20:29:41,12,148,0.933918
2022-06-14 20:29:42,12,149,0.745230
2022-06-14 20:29:42,12,150,0.579438
2022-06-14 20:29:43,12,151,0.631586
2022-06-14 20:29:43,12,152,0.929567
2022-06-14 20:29:44,12,153,0.759014
2022-06-14 20:29:45,12,154,0.725495
2022-06-14 20:29:45,12,155,0.561412
2022-06-14 20:29:46,13,156,0.626768
2022-06-14 20:29:46,13,157,0.586587
2022-06-14 20:29:47,13,158,0.599214
2022-06-14 20:29:47,13,159,0.649199
2022-06-14 20:29:48,13,160,0.670885
2022-06-14 20:29:49,13,161,0.823479
2022-06-14 20:29:49,13,162,0.700688
2022-06-14 20:29:50,13,163,0.769680
2022-06-14 20:29:50,13,164,0.786140
2022-06-14 20:29:51,13,165,0.640767
2022-06-14 20:29:51,13,166,1.025615
2022-06-14 20:29:52,13,167,0.534372
2022-06-14 20:29:53,14,168,0.653569
2022-06-14 20:29:53,14,169,0.521443
2022-06-14 20:29:54,14,170,0.815345
2022-06-14 20:29:54,14,171,0.797491
2022-06-14 20:29:55,14,172,0.522547
2022-06-14 20:29:56,14,173,0.607627
2022-06-14 20:29:56,14,174,0.452780
2022-06-14 20:29:57,14,175,0.716238
2022-06-14 20:29:57,14,176,0.722118
2022-06-14 20:29:58,14,177,0.495846
2022-06-14 20:29:58,14,178,0.581977
2022-06-14 20:29:59,14,179,0.749775
2022-06-14 20:30:00,15,180,0.472685
2022-06-14 20:30:00,15,181,0.511064
2022-06-14 20:30:01,15,182,0.691504
2022-06-14 20:30:01,15,183,0.590695
2022-06-14 20:30:02,15,184,0.738226
2022-06-14 20:30:03,15,185,0.577169
2022-06-14 20:30:03,15,186,0.491354
2022-06-14 20:30:04,15,187,0.588573
2022-06-14 20:30:04,15,188,0.652397
2022-06-14 20:30:05,15,189,0.483799
2022-06-14 20:30:06,15,190,0.464295
2022-06-14 20:30:06,15,191,0.565422
2022-06-14 20:30:07,16,192,0.482782
2022-06-14 20:30:07,16,193,0.359078
2022-06-14 20:30:08,16,194,0.572253
2022-06-14 20:30:09,16,195,0.548839
2022-06-14 20:30:15,16,196,0.470483
2022-06-14 20:30:16,16,197,0.582367
2022-06-14 20:30:17,16,198,0.426358
2022-06-14 20:30:17,16,199,0.389408
2022-06-14 20:30:18,16,200,0.690935
2022-06-14 20:30:18,16,201,0.441651
2022-06-14 20:30:19,16,202,0.375456
2022-06-14 20:30:19,16,203,0.610989
2022-06-14 20:30:20,17,204,0.331124
2022-06-14 20:30:21,17,205,0.439183
2022-06-14 20:30:21,17,206,0.332900
2022-06-14 20:30:22,17,207,0.371935
2022-06-14 20:30:22,17,208,0.364439
2022-06-14 20:30:23,17,209,0.442349
2022-06-14 20:30:23,17,210,0.585798
2022-06-14 20:30:24,17,211,0.650527
2022-06-14 20:30:25,17,212,0.451284
2022-06-14 20:30:25,17,213,0.612305
2022-06-14 20:30:26,17,214,0.515385
2022-06-14 20:30:26,17,215,0.627592
2022-06-14 20:30:27,18,216,0.368882
2022-06-14 20:30:28,18,217,0.331160
2022-06-14 20:30:28,18,218,0.541027
2022-06-14 20:30:29,18,219,0.324523
2022-06-14 20:30:29,18,220,0.494066
2022-06-14 20:30:30,18,221,0.688178
2022-06-14 20:30:36,18,222,0.445525
2022-06-14 20:30:37,18,223,0.411115
2022-06-14 20:30:38,18,224,0.338467
2022-06-14 20:30:38,18,225,0.649559
2022-06-14 20:30:39,18,226,0.360949
2022-06-14 20:30:39,18,227,0.462513
2022-06-14 20:30:40,19,228,0.427689
2022-06-14 20:30:40,19,229,0.392936
2022-06-14 20:30:41,19,230,0.272962
2022-06-14 20:30:48,19,231,0.237057
2022-06-14 20:30:48,19,232,0.401170
2022-06-14 20:30:49,19,233,0.502951
2022-06-14 20:30:55,19,234,0.557414
2022-06-14 20:31:01,19,235,0.295803
2022-06-14 20:31:02,19,236,0.419652
2022-06-14 20:31:02,19,237,0.341965
2022-06-14 20:31:03,19,238,0.242286
2022-06-14 20:31:03,19,239,0.380811
2022-06-14 20:31:04,20,240,0.639699
2022-06-14 20:31:05,20,241,0.309032
2022-06-14 20:31:05,20,242,0.235518
2022-06-14 20:31:06,20,243,0.246724
2022-06-14 20:31:06,20,244,0.258530
2022-06-14 20:31:07,20,245,0.388477
2022-06-14 20:31:07,20,246,0.216195
2022-06-14 20:31:08,20,247,0.599723
2022-06-14 20:31:15,20,248,0.386101
2022-06-14 20:31:16,20,249,0.299521
2022-06-14 20:31:16,20,250,0.239952
2022-06-14 20:31:17,20,251,0.435780
2022-06-14 20:31:17,21,252,0.305064
2022-06-14 20:31:18,21,253,0.275466
2022-06-14 20:31:18,21,254,0.471230
2022-06-14 20:31:19,21,255,0.271696
2022-06-14 20:31:19,21,256,0.307563
2022-06-14 20:31:20,21,257,0.239276
2022-06-14 20:31:21,21,258,0.234941
2022-06-14 20:31:21,21,259,0.442283
2022-06-14 20:31:22,21,260,0.311211
2022-06-14 20:31:22,21,261,0.354045
2022-06-14 20:31:23,21,262,0.326220
2022-06-14 20:31:23,21,263,0.125370
2022-06-14 20:31:24,22,264,0.402974
2022-06-14 20:31:25,22,265,0.334664
2022-06-14 20:31:25,22,266,0.327861
2022-06-14 20:31:26,22,267,0.163488
2022-06-14 20:31:27,22,268,0.169928
2022-06-14 20:31:27,22,269,0.259581
2022-06-14 20:31:28,22,270,0.343753
2022-06-14 20:31:28,22,271,0.237943
2022-06-14 20:31:29,22,272,0.430727
2022-06-14 20:31:30,22,273,0.283026
2022-06-14 20:31:30,22,274,0.278234
2022-06-14 20:31:31,22,275,0.362203
2022-06-14 20:31:32,23,276,0.533938
2022-06-14 20:31:32,23,277,0.152284
2022-06-14 20:31:33,23,278,0.324930
2022-06-14 20:31:40,23,279,0.296057
2022-06-14 20:31:40,23,280,0.264896
2022-06-14 20:31:41,23,281,0.231581
2022-06-14 20:31:41,23,282,0.374160
2022-06-14 20:31:42,23,283,0.203578
2022-06-14 20:31:42,23,284,0.215238
2022-06-14 20:31:43,23,285,0.219181
2022-06-14 20:31:43,23,286,0.172089
2022-06-14 20:31:44,23,287,0.145445
2022-06-14 20:31:45,24,288,0.092721
2022-06-14 20:31:45,24,289,0.252355
2022-06-14 20:31:46,24,290,0.164995
2022-06-14 20:31:46,24,291,0.250372
2022-06-14 20:31:47,24,292,0.220247
2022-06-14 20:31:47,24,293,0.190674
2022-06-14 20:31:48,24,294,0.217898
2022-06-14 20:31:48,24,295,0.185401
2022-06-14 20:31:49,24,296,0.196278
2022-06-14 20:31:50,24,297,0.301609
2022-06-14 20:31:50,24,298,0.618520
2022-06-14 20:31:51,24,299,0.205625
2022-06-14 20:31:52,25,300,0.132792
2022-06-14 20:31:52,25,301,0.331334
2022-06-14 20:31:53,25,302,0.213433
2022-06-14 20:31:53,25,303,0.355613
2022-06-14 20:31:54,25,304,0.157256
2022-06-14 20:31:54,25,305,0.192546
2022-06-14 20:31:55,25,306,0.112581
2022-06-14 20:31:56,25,307,0.162357
2022-06-14 20:31:56,25,308,0.196358
2022-06-14 20:31:57,25,309,0.122976
2022-06-14 20:31:57,25,310,0.186736
2022-06-14 20:31:58,25,311,0.105597
2022-06-14 20:31:59,26,312,0.106235
2022-06-14 20:31:59,26,313,0.125316
2022-06-14 20:32:00,26,314,0.295608
2022-06-14 20:32:00,26,315,0.130734
2022-06-14 20:32:01,26,316,0.131228
2022-06-14 20:32:02,26,317,0.085742
2022-06-14 20:32:02,26,318,0.104702
2022-06-14 20:32:03,26,319,0.190270
2022-06-14 20:32:03,26,320,0.186490
2022-06-14 20:32:04,26,321,0.180682
2022-06-14 20:32:04,26,322,0.078498
2022-06-14 20:32:05,26,323,0.179249
2022-06-14 20:32:06,27,324,0.085938
2022-06-14 20:32:06,27,325,0.228853
2022-06-14 20:32:07,27,326,0.141641
2022-06-14 20:32:07,27,327,0.092578
2022-06-14 20:32:08,27,328,0.115028
2022-06-14 20:32:09,27,329,0.099780
2022-06-14 20:32:09,27,330,0.293902
2022-06-14 20:32:10,27,331,0.174581
2022-06-14 20:32:10,27,332,0.108982
2022-06-14 20:32:11,27,333,0.149672
2022-06-14 20:32:11,27,334,0.083311
2022-06-14 20:32:12,27,335,0.196840
2022-06-14 20:32:13,28,336,0.090898
2022-06-14 20:32:13,28,337,0.204926
2022-06-14 20:32:14,28,338,0.215576
2022-06-14 20:32:14,28,339,0.121619
2022-06-14 20:32:15,28,340,0.088849
2022-06-14 20:32:15,28,341,0.119191
2022-06-14 20:32:16,28,342,0.051612
2022-06-14 20:32:16,28,343,0.181137
2022-06-14 20:32:17,28,344,0.196781
2022-06-14 20:32:17,28,345,0.116248
2022-06-14 20:32:18,28,346,0.196982
2022-06-14 20:32:19,28,347,0.092100
2022-06-14 20:32:19,29,348,0.142710
2022-06-14 20:32:20,29,349,0.085143
2022-06-14 20:32:20,29,350,0.062534
2022-06-14 20:32:21,29,351,0.118030
2022-06-14 20:32:21,29,352,0.097416
2022-06-14 20:32:22,29,353,0.108589
2022-06-14 20:32:22,29,354,0.115838
2022-06-14 20:32:23,29,355,0.094312
2022-06-14 20:32:24,29,356,0.074486
2022-06-14 20:32:24,29,357,0.192642
2022-06-14 20:32:25,29,358,0.112326
2022-06-14 20:32:25,29,359,0.137680
2022-06-14 20:32:26,30,360,0.125691
2022-06-14 20:32:26,30,361,0.051438
2022-06-14 20:32:27,30,362,0.106806
2022-06-14 20:32:27,30,363,0.094837
2022-06-14 20:32:28,30,364,0.137358
2022-06-14 20:32:28,30,365,0.088570
2022-06-14 20:32:29,30,366,0.079315
2022-06-14 20:32:30,30,367,0.049995
2022-06-14 20:32:30,30,368,0.157370
2022-06-14 20:32:31,30,369,0.082249
2022-06-14 20:32:31,30,370,0.133776
2022-06-14 20:32:32,30,371,0.078333
2022-06-14 20:32:32,31,372,0.091423
2022-06-14 20:32:33,31,373,0.159688
2022-06-14 20:32:33,31,374,0.153462
2022-06-14 20:32:34,31,375,0.078692
2022-06-14 20:32:35,31,376,0.102512
2022-06-14 20:32:35,31,377,0.043730
2022-06-14 20:32:36,31,378,0.037600
2022-06-14 20:32:36,31,379,0.120585
2022-06-14 20:32:37,31,380,0.057428
2022-06-14 20:32:37,31,381,0.069458
2022-06-14 20:32:38,31,382,0.061740
2022-06-14 20:32:38,31,383,0.056649
2022-06-14 20:32:39,32,384,0.077028
2022-06-14 20:32:39,32,385,0.072391
2022-06-14 20:32:40,32,386,0.074046
2022-06-14 20:32:41,32,387,0.087714
2022-06-14 20:32:41,32,388,0.083369
2022-06-14 20:32:42,32,389,0.102742
2022-06-14 20:32:42,32,390,0.061026
2022-06-14 20:32:43,32,391,0.076930
2022-06-14 20:32:50,32,392,0.053927
2022-06-14 20:32:51,32,393,0.080397
2022-06-14 20:32:51,32,394,0.119896
2022-06-14 20:32:52,32,395,0.132749
2022-06-14 20:32:53,33,396,0.056750
2022-06-14 20:32:53,33,397,0.038583
2022-06-14 20:32:54,33,398,0.110747
2022-06-14 20:32:54,33,399,0.146270
2022-06-14 20:32:55,33,400,0.111082
2022-06-14 20:32:55,33,401,0.064215
2022-06-14 20:32:56,33,402,0.077656
2022-06-14 20:32:56,33,403,0.048953
2022-06-14 20:32:57,33,404,0.105396
2022-06-14 20:32:57,33,405,0.097034
2022-06-14 20:32:58,33,406,0.075241
2022-06-14 20:32:59,33,407,0.032104
2022-06-14 20:32:59,34,408,0.052576
2022-06-14 20:33:00,34,409,0.123542
2022-06-14 20:33:01,34,410,0.050381
2022-06-14 20:33:01,34,411,0.138687
2022-06-14 20:33:02,34,412,0.082916
2022-06-14 20:33:02,34,413,0.047233
2022-06-14 20:33:03,34,414,0.081915
2022-06-14 20:33:03,34,415,0.086472
2022-06-14 20:33:04,34,416,0.051240
2022-06-14 20:33:05,34,417,0.052269
2022-06-14 20:33:05,34,418,0.057970
2022-06-14 20:33:06,34,419,0.093394
2022-06-14 20:33:06,35,420,0.070288
2022-06-14 20:33:07,35,421,0.088430
2022-06-14 20:33:08,35,422,0.033067
2022-06-14 20:33:08,35,423,0.085722
2022-06-14 20:33:09,35,424,0.071996
2022-06-14 20:33:09,35,425,0.093688
2022-06-14 20:33:10,35,426,0.059418
2022-06-14 20:33:11,35,427,0.111245
2022-06-14 20:33:11,35,428,0.110936
2022-06-14 20:33:12,35,429,0.049965
2022-06-14 20:33:12,35,430,0.038129
2022-06-14 20:33:13,35,431,0.083791
2022-06-14 20:33:14,36,432,0.026500
2022-06-14 20:33:14,36,433,0.039508
2022-06-14 20:33:15,36,434,0.062108
2022-06-14 20:33:15,36,435,0.049859
2022-06-14 20:33:16,36,436,0.016943
2022-06-14 20:33:16,36,437,0.087379
2022-06-14 20:33:17,36,438,0.038546
2022-06-14 20:33:18,36,439,0.044676
2022-06-14 20:33:18,36,440,0.066186
2022-06-14 20:33:19,36,441,0.088739
2022-06-14 20:33:19,36,442,0.157493
2022-06-14 20:33:20,36,443,0.045229
2022-06-14 20:33:21,37,444,0.025312
2022-06-14 20:33:21,37,445,0.070562
2022-06-14 20:33:22,37,446,0.121666
2022-06-14 20:33:22,37,447,0.094866
2022-06-14 20:33:23,37,448,0.054855
2022-06-14 20:33:23,37,449,0.049565
2022-06-14 20:33:24,37,450,0.037299
2022-06-14 20:33:24,37,451,0.042780
2022-06-14 20:33:25,37,452,0.035952
2022-06-14 20:33:25,37,453,0.056296
2022-06-14 20:33:26,37,454,0.191087
2022-06-14 20:33:26,37,455,0.066305
2022-06-14 20:33:27,38,456,0.039975
2022-06-14 20:33:28,38,457,0.026853
2022-06-14 20:33:28,38,458,0.074879
2022-06-14 20:33:29,38,459,0.049612
2022-06-14 20:33:29,38,460,0.036627
2022-06-14 20:33:30,38,461,0.023004
2022-06-14 20:33:30,38,462,0.032754
2022-06-14 20:33:31,38,463,0.075692
2022-06-14 20:33:31,38,464,0.029562
2022-06-14 20:33:32,38,465,0.122388
2022-06-14 20:33:33,38,466,0.165516
2022-06-14 20:33:33,38,467,0.031492
2022-06-14 20:33:34,39,468,0.058343
2022-06-14 20:33:34,39,469,0.017515
2022-06-14 20:33:35,39,470,0.048875
2022-06-14 20:33:35,39,471,0.040582
2022-06-14 20:33:36,39,472,0.121387
2022-06-14 20:33:36,39,473,0.123407
2022-06-14 20:33:37,39,474,0.069215
2022-06-14 20:33:38,39,475,0.042372
2022-06-14 20:33:38,39,476,0.053925
2022-06-14 20:33:39,39,477,0.049024
2022-06-14 20:33:39,39,478,0.107553
2022-06-14 20:33:40,39,479,0.077603
2022-06-14 20:33:40,40,480,0.247124
2022-06-14 20:33:41,40,481,0.107189
2022-06-14 20:33:41,40,482,0.043037
2022-06-14 20:33:47,40,483,0.022884
2022-06-14 20:33:48,40,484,0.095782
2022-06-14 20:33:54,40,485,0.115337
2022-06-14 20:33:55,40,486,0.019924
2022-06-14 20:33:55,40,487,0.068414
2022-06-14 20:33:56,40,488,0.019220
2022-06-14 20:33:56,40,489,0.023706
2022-06-14 20:34:03,40,490,0.027949
2022-06-14 20:34:09,40,491,0.097982
2022-06-14 20:34:10,41,492,0.020397
2022-06-14 20:34:16,41,493,0.068658
2022-06-14 20:34:17,41,494,0.014576
2022-06-14 20:34:17,41,495,0.043662
2022-06-14 20:34:18,41,496,0.075112
2022-06-14 20:34:18,41,497,0.048346
2022-06-14 20:34:19,41,498,0.032402
2022-06-14 20:34:20,41,499,0.021159
2022-06-14 20:34:20,41,500,0.063656
2022-06-14 20:34:21,41,501,0.025952
2022-06-14 20:34:21,41,502,0.015693
2022-06-14 20:34:22,41,503,0.138066
2022-06-14 20:34:22,42,504,0.171282
2022-06-14 20:34:23,42,505,0.036984
2022-06-14 20:34:24,42,506,0.077836
2022-06-14 20:34:24,42,507,0.029602
2022-06-14 20:34:25,42,508,0.021104
2022-06-14 20:34:25,42,509,0.017906
2022-06-14 20:34:26,42,510,0.022501
2022-06-14 20:34:26,42,511,0.034174
2022-06-14 20:34:27,42,512,0.035398
2022-06-14 20:34:28,42,513,0.051015
2022-06-14 20:34:28,42,514,0.016335
2022-06-14 20:34:29,42,515,0.049774
2022-06-14 20:34:29,43,516,0.016612
2022-06-14 20:34:30,43,517,0.153507
2022-06-14 20:34:31,43,518,0.065179
2022-06-14 20:34:31,43,519,0.027683
2022-06-14 20:34:32,43,520,0.092077
2022-06-14 20:34:32,43,521,0.102113
2022-06-14 20:34:33,43,522,0.033632
2022-06-14 20:34:34,43,523,0.029909
2022-06-14 20:34:34,43,524,0.037125
2022-06-14 20:34:35,43,525,0.028436
2022-06-14 20:34:35,43,526,0.030464
2022-06-14 20:34:36,43,527,0.032246
2022-06-14 20:34:37,44,528,0.079519
2022-06-14 20:34:37,44,529,0.100653
2022-06-14 20:34:38,44,530,0.033105
2022-06-14 20:34:38,44,531,0.045484
2022-06-14 20:34:39,44,532,0.016284
2022-06-14 20:34:40,44,533,0.012187
2022-06-14 20:34:40,44,534,0.032913
2022-06-14 20:34:41,44,535,0.012628
2022-06-14 20:34:41,44,536,0.213715
2022-06-14 20:34:42,44,537,0.028227
2022-06-14 20:34:42,44,538,0.048801
2022-06-14 20:34:43,44,539,0.023521
2022-06-14 20:34:44,45,540,0.075786
2022-06-14 20:34:44,45,541,0.032342
2022-06-14 20:34:45,45,542,0.024628
2022-06-14 20:34:45,45,543,0.019914
2022-06-14 20:34:46,45,544,0.060025
2022-06-14 20:34:46,45,545,0.028547
2022-06-14 20:34:47,45,546,0.222238
2022-06-14 20:34:48,45,547,0.059789
2022-06-14 20:34:48,45,548,0.038804
2022-06-14 20:34:49,45,549,0.038472
2022-06-14 20:34:49,45,550,0.020068
2022-06-14 20:34:50,45,551,0.025326
2022-06-14 20:34:50,46,552,0.062159
2022-06-14 20:34:51,46,553,0.032968
2022-06-14 20:34:52,46,554,0.076559
2022-06-14 20:34:52,46,555,0.025131
2022-06-14 20:34:53,46,556,0.013449
2022-06-14 20:34:53,46,557,0.026212
2022-06-14 20:34:54,46,558,0.024960
2022-06-14 20:34:54,46,559,0.165053
2022-06-14 20:34:55,46,560,0.046408
2022-06-14 20:34:55,46,561,0.108135
2022-06-14 20:34:56,46,562,0.017244
2022-06-14 20:34:56,46,563,0.037542
2022-06-14 20:34:57,47,564,0.029043
2022-06-14 20:34:58,47,565,0.034099
2022-06-14 20:34:58,47,566,0.080376
2022-06-14 20:34:59,47,567,0.042614
2022-06-14 20:34:59,47,568,0.045914
2022-06-14 20:35:00,47,569,0.026798
2022-06-14 20:35:00,47,570,0.012401
2022-06-14 20:35:01,47,571,0.048706
2022-06-14 20:35:01,47,572,0.024243
2022-06-14 20:35:02,47,573,0.017807
2022-06-14 20:35:02,47,574,0.052342
2022-06-14 20:35:03,47,575,0.197483
2022-06-14 20:35:04,48,576,0.079967
2022-06-14 20:35:04,48,577,0.017751
2022-06-14 20:35:05,48,578,0.016312
2022-06-14 20:35:05,48,579,0.016506
2022-06-14 20:35:06,48,580,0.025188
2022-06-14 20:35:12,48,581,0.045461
2022-06-14 20:35:13,48,582,0.016844
2022-06-14 20:35:13,48,583,0.147495
2022-06-14 20:35:14,48,584,0.016191
2022-06-14 20:35:15,48,585,0.032846
2022-06-14 20:35:15,48,586,0.065122
2022-06-14 20:35:16,48,587,0.101875
2022-06-14 20:35:16,49,588,0.025780
2022-06-14 20:35:17,49,589,0.020362
2022-06-14 20:35:17,49,590,0.080875
2022-06-14 20:35:18,49,591,0.069321
2022-06-14 20:35:19,49,592,0.026145
2022-06-14 20:35:19,49,593,0.056778
2022-06-14 20:35:20,49,594,0.022927
2022-06-14 20:35:20,49,595,0.067653
2022-06-14 20:35:21,49,596,0.028125
2022-06-14 20:35:21,49,597,0.035226
2022-06-14 20:35:22,49,598,0.012193
2022-06-14 20:35:23,49,599,0.030419
2022-06-14 20:35:23,50,600,0.026095
2022-06-14 20:35:24,50,601,0.027968
2022-06-14 20:35:24,50,602,0.066416
2022-06-14 20:35:25,50,603,0.185327
2022-06-14 20:35:26,50,604,0.026548
2022-06-14 20:35:26,50,605,0.031379
2022-06-14 20:35:27,50,606,0.005393
2022-06-14 20:35:27,50,607,0.023128
2022-06-14 20:35:28,50,608,0.038904
2022-06-14 20:35:28,50,609,0.168501
2022-06-14 20:35:29,50,610,0.068806
2022-06-14 20:35:30,50,611,0.009415
2022-06-14 20:35:30,51,612,0.015119
2022-06-14 20:35:31,51,613,0.026380
2022-06-14 20:35:31,51,614,0.197574
2022-06-14 20:35:32,51,615,0.077892
2022-06-14 20:35:33,51,616,0.024342
2022-06-14 20:35:33,51,617,0.097063
2022-06-14 20:35:34,51,618,0.026760
2022-06-14 20:35:34,51,619,0.053084
2022-06-14 20:35:35,51,620,0.046233
2022-06-14 20:35:36,51,621,0.059685
2022-06-14 20:35:36,51,622,0.022548
2022-06-14 20:35:37,51,623,0.156699
2022-06-14 20:35:38,52,624,0.024052
2022-06-14 20:35:38,52,625,0.022731
2022-06-14 20:35:39,52,626,0.012421
2022-06-14 20:35:39,52,627,0.047051
2022-06-14 20:35:40,52,628,0.051383
2022-06-14 20:35:40,52,629,0.102844
2022-06-14 20:35:41,52,630,0.047411
2022-06-14 20:35:42,52,631,0.047816
2022-06-14 20:35:42,52,632,0.014186
2022-06-14 20:35:43,52,633,0.111603
2022-06-14 20:35:43,52,634,0.008518
2022-06-14 20:35:44,52,635,0.035375
2022-06-14 20:35:44,53,636,0.044451
2022-06-14 20:35:45,53,637,0.028714
2022-06-14 20:35:45,53,638,0.123254
2022-06-14 20:35:46,53,639,0.091251
2022-06-14 20:35:47,53,640,0.018918
2022-06-14 20:35:47,53,641,0.060650
2022-06-14 20:35:48,53,642,0.029584
2022-06-14 20:35:48,53,643,0.021096
2022-06-14 20:35:49,53,644,0.036805
2022-06-14 20:35:49,53,645,0.012460
2022-06-14 20:35:50,53,646,0.031694
2022-06-14 20:35:50,53,647,0.035044
2022-06-14 20:35:51,54,648,0.060871
2022-06-14 20:35:52,54,649,0.297953
2022-06-14 20:35:52,54,650,0.081196
2022-06-14 20:35:53,54,651,0.048588
2022-06-14 20:35:53,54,652,0.022748
2022-06-14 20:35:54,54,653,0.008034
2022-06-14 20:35:54,54,654,0.015660
2022-06-14 20:35:55,54,655,0.014161
2022-06-14 20:35:55,54,656,0.060358
2022-06-14 20:35:56,54,657,0.007846
2022-06-14 20:35:56,54,658,0.061119
2022-06-14 20:35:57,54,659,0.006228
2022-06-14 20:35:58,55,660,0.031692
2022-06-14 20:35:58,55,661,0.037015
2022-06-14 20:35:59,55,662,0.011428
2022-06-14 20:35:59,55,663,0.053422
2022-06-14 20:36:00,55,664,0.006483
2022-06-14 20:36:00,55,665,0.020441
2022-06-14 20:36:01,55,666,0.010977
2022-06-14 20:36:01,55,667,0.017306
2022-06-14 20:36:02,55,668,0.033430
2022-06-14 20:36:02,55,669,0.037207
2022-06-14 20:36:03,55,670,0.026173
2022-06-14 20:36:04,55,671,0.032278
2022-06-14 20:36:04,56,672,0.010822
2022-06-14 20:36:05,56,673,0.055017
2022-06-14 20:36:05,56,674,0.065495
2022-06-14 20:36:06,56,675,0.013011
2022-06-14 20:36:06,56,676,0.013852
2022-06-14 20:36:07,56,677,0.018433
2022-06-14 20:36:07,56,678,0.027207
2022-06-14 20:36:08,56,679,0.031399
2022-06-14 20:36:09,56,680,0.062475
2022-06-14 20:36:09,56,681,0.012599
2022-06-14 20:36:10,56,682,0.017584
2022-06-14 20:36:10,56,683,0.033097
2022-06-14 20:36:11,57,684,0.011181
2022-06-14 20:36:11,57,685,0.018042
2022-06-14 20:36:12,57,686,0.031424
2022-06-14 20:36:12,57,687,0.022601
2022-06-14 20:36:13,57,688,0.017962
2022-06-14 20:36:14,57,689,0.016245
2022-06-14 20:36:14,57,690,0.030000
2022-06-14 20:36:15,57,691,0.047998
2022-06-14 20:36:15,57,692,0.012622
2022-06-14 20:36:16,57,693,0.006319
2022-06-14 20:36:16,57,694,0.014209
2022-06-14 20:36:17,57,695,0.010776
2022-06-14 20:36:17,58,696,0.005753
2022-06-14 20:36:18,58,697,0.024479
2022-06-14 20:36:19,58,698,0.005246
2022-06-14 20:36:19,58,699,0.084109
2022-06-14 20:36:20,58,700,0.031116
2022-06-14 20:36:20,58,701,0.005923
2022-06-14 20:36:21,58,702,0.016534
2022-06-14 20:36:21,58,703,0.013008
2022-06-14 20:36:22,58,704,0.028416
2022-06-14 20:36:22,58,705,0.010043
2022-06-14 20:36:23,58,706,0.015174
2022-06-14 20:36:23,58,707,0.008237
2022-06-14 20:36:24,59,708,0.018507
2022-06-14 20:36:25,59,709,0.009373
2022-06-14 20:36:25,59,710,0.008393
2022-06-14 20:36:26,59,711,0.010677
2022-06-14 20:36:26,59,712,0.048629
2022-06-14 20:36:27,59,713,0.009998
2022-06-14 20:36:27,59,714,0.005914
2022-06-14 20:36:28,59,715,0.014535
2022-06-14 20:36:28,59,716,0.009138
2022-06-14 20:36:29,59,717,0.013945
2022-06-14 20:36:29,59,718,0.027089
2022-06-14 20:36:30,59,719,0.011289
2022-06-14 20:36:31,60,720,0.010420
2022-06-14 20:36:31,60,721,0.024940
2022-06-14 20:36:32,60,722,0.017033
2022-06-14 20:36:32,60,723,0.017062
2022-06-14 20:36:33,60,724,0.004420
2022-06-14 20:36:33,60,725,0.012563
2022-06-14 20:36:34,60,726,0.006752
2022-06-14 20:36:35,60,727,0.015341
2022-06-14 20:36:35,60,728,0.005773
2022-06-14 20:36:36,60,729,0.007344
2022-06-14 20:36:36,60,730,0.017231
2022-06-14 20:36:37,60,731,0.012600
2022-06-14 20:36:38,61,732,0.011210
2022-06-14 20:36:38,61,733,0.025403
2022-06-14 20:36:39,61,734,0.011005
2022-06-14 20:36:40,61,735,0.014738
2022-06-14 20:36:40,61,736,0.016250
2022-06-14 20:36:41,61,737,0.013414
2022-06-14 20:36:41,61,738,0.004109
2022-06-14 20:36:42,61,739,0.018870
2022-06-14 20:36:42,61,740,0.010499
2022-06-14 20:36:43,61,741,0.011390
2022-06-14 20:36:44,61,742,0.009741
2022-06-14 20:36:44,61,743,0.013434
2022-06-14 20:36:45,62,744,0.060998
2022-06-14 20:36:45,62,745,0.025884
2022-06-14 20:36:46,62,746,0.012523
2022-06-14 20:36:46,62,747,0.007691
2022-06-14 20:36:47,62,748,0.017531
2022-06-14 20:36:47,62,749,0.008963
2022-06-14 20:36:48,62,750,0.020225
2022-06-14 20:36:49,62,751,0.056562
2022-06-14 20:36:49,62,752,0.008124
2022-06-14 20:36:50,62,753,0.011111
2022-06-14 20:36:50,62,754,0.015663
2022-06-14 20:36:51,62,755,0.004468
2022-06-14 20:36:51,63,756,0.011580
2022-06-14 20:36:52,63,757,0.009916
2022-06-14 20:36:52,63,758,0.008867
2022-06-14 20:36:53,63,759,0.015927
2022-06-14 20:36:54,63,760,0.062730
2022-06-14 20:36:54,63,761,0.011043
2022-06-14 20:36:55,63,762,0.004506
2022-06-14 20:36:55,63,763,0.135486
2022-06-14 20:36:56,63,764,0.011231
2022-06-14 20:36:56,63,765,0.012523
2022-06-14 20:36:57,63,766,0.008206
2022-06-14 20:36:57,63,767,0.004118
2022-06-14 20:36:58,64,768,0.006938
2022-06-14 20:36:59,64,769,0.005668
2022-06-14 20:36:59,64,770,0.008299
2022-06-14 20:37:00,64,771,0.009808
2022-06-14 20:37:00,64,772,0.007795
2022-06-14 20:37:01,64,773,0.003916
2022-06-14 20:37:01,64,774,0.007897
2022-06-14 20:37:02,64,775,0.013718
2022-06-14 20:37:02,64,776,0.007473
2022-06-14 20:37:03,64,777,0.014117
2022-06-14 20:37:03,64,778,0.022039
2022-06-14 20:37:04,64,779,0.014006
2022-06-14 20:37:05,65,780,0.010124
2022-06-14 20:37:05,65,781,0.092254
2022-06-14 20:37:06,65,782,0.014445
2022-06-14 20:37:06,65,783,0.017638
2022-06-14 20:37:07,65,784,0.009232
2022-06-14 20:37:07,65,785,0.009458
2022-06-14 20:37:08,65,786,0.014572
2022-06-14 20:37:08,65,787,0.011149
2022-06-14 20:37:09,65,788,0.010505
2022-06-14 20:37:09,65,789,0.006122
2022-06-14 20:37:10,65,790,0.011652
2022-06-14 20:37:10,65,791,0.017840
2022-06-14 20:37:11,66,792,0.007948
2022-06-14 20:37:12,66,793,0.005057
2022-06-14 20:37:12,66,794,0.018523
2022-06-14 20:37:13,66,795,0.012142
2022-06-14 20:37:13,66,796,0.021826
2022-06-14 20:37:14,66,797,0.025151
2022-06-14 20:37:14,66,798,0.007098
2022-06-14 20:37:15,66,799,0.012234
2022-06-14 20:37:16,66,800,0.010057
2022-06-14 20:37:16,66,801,0.009937
2022-06-14 20:37:17,66,802,0.007447
2022-06-14 20:37:17,66,803,0.013499
2022-06-14 20:37:18,67,804,0.011680
2022-06-14 20:37:18,67,805,0.023559
2022-06-14 20:37:19,67,806,0.016067
2022-06-14 20:37:19,67,807,0.016191
2022-06-14 20:37:20,67,808,0.008425
2022-06-14 20:37:21,67,809,0.015935
2022-06-14 20:37:21,67,810,0.010556
2022-06-14 20:37:22,67,811,0.011754
2022-06-14 20:37:22,67,812,0.003101
2022-06-14 20:37:23,67,813,0.008243
2022-06-14 20:37:23,67,814,0.006047
2022-06-14 20:37:24,67,815,0.004695
2022-06-14 20:37:25,68,816,0.012496
2022-06-14 20:37:25,68,817,0.004215
2022-06-14 20:37:26,68,818,0.013701
2022-06-14 20:37:26,68,819,0.004937
2022-06-14 20:37:27,68,820,0.010764
2022-06-14 20:37:27,68,821,0.006730
2022-06-14 20:37:28,68,822,0.013427
2022-06-14 20:37:28,68,823,0.005850
2022-06-14 20:37:29,68,824,0.030980
2022-06-14 20:37:29,68,825,0.013728
2022-06-14 20:37:30,68,826,0.010576
2022-06-14 20:37:30,68,827,0.007023
2022-06-14 20:37:31,69,828,0.049522
2022-06-14 20:37:32,69,829,0.035561
2022-06-14 20:37:32,69,830,0.006683
2022-06-14 20:37:33,69,831,0.015888
2022-06-14 20:37:33,69,832,0.010653
2022-06-14 20:37:34,69,833,0.005694
2022-06-14 20:37:34,69,834,0.004110
2022-06-14 20:37:35,69,835,0.018179
2022-06-14 20:37:36,69,836,0.011899
2022-06-14 20:37:36,69,837,0.006559
2022-06-14 20:37:37,69,838,0.009322
2022-06-14 20:37:37,69,839,0.014651
2022-06-14 20:37:38,70,840,0.010563
2022-06-14 20:37:38,70,841,0.016008
2022-06-14 20:37:39,70,842,0.009581
2022-06-14 20:37:39,70,843,0.004791
2022-06-14 20:37:40,70,844,0.003769
2022-06-14 20:37:41,70,845,0.016213
2022-06-14 20:37:41,70,846,0.009188
2022-06-14 20:37:42,70,847,0.007498
2022-06-14 20:37:42,70,848,0.005713
2022-06-14 20:37:43,70,849,0.008158
2022-06-14 20:37:43,70,850,0.009195
2022-06-14 20:37:44,70,851,0.006740
2022-06-14 20:37:44,71,852,0.008138
2022-06-14 20:37:45,71,853,0.054507
2022-06-14 20:37:46,71,854,0.008178
2022-06-14 20:37:46,71,855,0.010165
2022-06-14 20:37:47,71,856,0.015922
2022-06-14 20:37:47,71,857,0.006815
2022-06-14 20:37:48,71,858,0.008487
2022-06-14 20:37:48,71,859,0.147404
2022-06-14 20:37:49,71,860,0.020475
2022-06-14 20:37:49,71,861,0.018009
2022-06-14 20:37:50,71,862,0.021689
2022-06-14 20:37:50,71,863,0.006378
2022-06-14 20:37:51,72,864,0.006503
2022-06-14 20:37:52,72,865,0.030228
2022-06-14 20:37:52,72,866,0.008888
2022-06-14 20:37:53,72,867,0.005553
2022-06-14 20:37:53,72,868,0.020002
2022-06-14 20:37:54,72,869,0.011483
2022-06-14 20:37:54,72,870,0.009620
2022-06-14 20:37:55,72,871,0.011909
2022-06-14 20:37:55,72,872,0.019595
2022-06-14 20:37:56,72,873,0.014762
2022-06-14 20:37:57,72,874,0.052910
2022-06-14 20:37:57,72,875,0.066190
2022-06-14 20:37:58,73,876,0.008645
2022-06-14 20:37:58,73,877,0.018589
2022-06-14 20:37:59,73,878,0.005546
2022-06-14 20:37:59,73,879,0.008420
2022-06-14 20:38:00,73,880,0.006869
2022-06-14 20:38:00,73,881,0.020880
2022-06-14 20:38:01,73,882,0.005401
2022-06-14 20:38:02,73,883,0.007134
2022-06-14 20:38:02,73,884,0.003322
2022-06-14 20:38:03,73,885,0.008657
2022-06-14 20:38:03,73,886,0.041030
2022-06-14 20:38:04,73,887,0.012753
2022-06-14 20:38:04,74,888,0.016811
2022-06-14 20:38:05,74,889,0.004202
2022-06-14 20:38:05,74,890,0.003568
2022-06-14 20:38:06,74,891,0.010252
2022-06-14 20:38:07,74,892,0.018418
2022-06-14 20:38:07,74,893,0.004915
2022-06-14 20:38:08,74,894,0.027498
2022-06-14 20:38:08,74,895,0.085953
2022-06-14 20:38:09,74,896,0.006266
2022-06-14 20:38:09,74,897,0.005811
2022-06-14 20:38:10,74,898,0.003325
2022-06-14 20:38:10,74,899,0.011914
2022-06-14 20:38:11,75,900,0.008634
2022-06-14 20:38:12,75,901,0.016730
2022-06-14 20:38:12,75,902,0.005573
2022-06-14 20:38:13,75,903,0.038664
2022-06-14 20:38:13,75,904,0.017983
2022-06-14 20:38:14,75,905,0.015116
2022-06-14 20:38:14,75,906,0.006848
2022-06-14 20:38:15,75,907,0.021410
2022-06-14 20:38:15,75,908,0.107751
2022-06-14 20:38:16,75,909,0.009590
2022-06-14 20:38:16,75,910,0.042733
2022-06-14 20:38:17,75,911,0.022501
2022-06-14 20:38:18,76,912,0.052112
2022-06-14 20:38:18,76,913,0.005531
2022-06-14 20:38:19,76,914,0.057983
2022-06-14 20:38:19,76,915,0.004514
2022-06-14 20:38:20,76,916,0.003298
2022-06-14 20:38:20,76,917,0.003146
2022-06-14 20:38:21,76,918,0.007970
2022-06-14 20:38:21,76,919,0.006550
2022-06-14 20:38:22,76,920,0.011143
2022-06-14 20:38:23,76,921,0.011611
2022-06-14 20:38:23,76,922,0.010180
2022-06-14 20:38:24,76,923,0.043900
2022-06-14 20:38:24,77,924,0.009834
2022-06-14 20:38:25,77,925,0.011698
2022-06-14 20:38:25,77,926,0.008102
2022-06-14 20:38:26,77,927,0.008755
2022-06-14 20:38:26,77,928,0.003896
2022-06-14 20:38:27,77,929,0.004695
2022-06-14 20:38:28,77,930,0.015075
2022-06-14 20:38:28,77,931,0.021830
2022-06-14 20:38:29,77,932,0.005914
2022-06-14 20:38:29,77,933,0.005263
2022-06-14 20:38:30,77,934,0.006708
2022-06-14 20:38:30,77,935,0.004332
2022-06-14 20:38:31,78,936,0.017932
2022-06-14 20:38:31,78,937,0.020967
2022-06-14 20:38:32,78,938,0.007334
2022-06-14 20:38:33,78,939,0.004496
2022-06-14 20:38:33,78,940,0.003809
2022-06-14 20:38:34,78,941,0.005520
2022-06-14 20:38:34,78,942,0.017931
2022-06-14 20:38:35,78,943,0.014982
2022-06-14 20:38:35,78,944,0.004342
2022-06-14 20:38:36,78,945,0.005861
2022-06-14 20:38:36,78,946,0.006928
2022-06-14 20:38:37,78,947,0.004204
2022-06-14 20:38:38,79,948,0.015714
2022-06-14 20:38:38,79,949,0.020101
2022-06-14 20:38:39,79,950,0.013815
2022-06-14 20:38:39,79,951,0.002248
2022-06-14 20:38:40,79,952,0.005267
2022-06-14 20:38:40,79,953,0.017351
2022-06-14 20:38:41,79,954,0.004270
2022-06-14 20:38:41,79,955,0.011797
2022-06-14 20:38:42,79,956,0.003415
2022-06-14 20:38:42,79,957,0.003018
2022-06-14 20:38:43,79,958,0.005930
2022-06-14 20:38:43,79,959,0.003807
2022-06-14 20:38:44,80,960,0.010286
2022-06-14 20:38:45,80,961,0.005399
2022-06-14 20:38:45,80,962,0.005890
2022-06-14 20:38:46,80,963,0.004049
2022-06-14 20:38:46,80,964,0.005672
2022-06-14 20:38:47,80,965,0.014707
2022-06-14 20:38:47,80,966,0.005136
2022-06-14 20:38:48,80,967,0.003666
2022-06-14 20:38:49,80,968,0.005643
2022-06-14 20:38:49,80,969,0.006037
2022-06-14 20:38:50,80,970,0.005655
2022-06-14 20:38:50,80,971,0.006828
2022-06-14 20:38:51,81,972,0.003575
2022-06-14 20:38:51,81,973,0.006798
2022-06-14 20:38:52,81,974,0.005708
2022-06-14 20:38:52,81,975,0.006695
2022-06-14 20:38:53,81,976,0.002832
2022-06-14 20:38:54,81,977,0.003220
2022-06-14 20:38:54,81,978,0.003369
2022-06-14 20:38:55,81,979,0.005312
2022-06-14 20:38:55,81,980,0.032585
2022-06-14 20:38:56,81,981,0.004630
2022-06-14 20:38:56,81,982,0.002396
2022-06-14 20:38:57,81,983,0.036588
2022-06-14 20:38:57,82,984,0.014463
2022-06-14 20:38:58,82,985,0.004242
2022-06-14 20:38:59,82,986,0.009130
2022-06-14 20:38:59,82,987,0.003415
2022-06-14 20:39:00,82,988,0.002075
2022-06-14 20:39:00,82,989,0.005315
2022-06-14 20:39:01,82,990,0.002968
2022-06-14 20:39:01,82,991,0.002811
2022-06-14 20:39:02,82,992,0.009982
2022-06-14 20:39:02,82,993,0.007829
2022-06-14 20:39:03,82,994,0.005164
2022-06-14 20:39:03,82,995,0.004648
2022-06-14 20:39:04,83,996,0.005047
2022-06-14 20:39:05,83,997,0.012511
2022-06-14 20:39:05,83,998,0.006518
2022-06-14 20:39:06,83,999,0.010420
2022-06-14 20:39:06,83,1000,0.004697
2022-06-14 20:39:07,83,1001,0.002561
2022-06-14 20:39:07,83,1002,0.006199
2022-06-14 20:39:08,83,1003,0.003759
2022-06-14 20:39:08,83,1004,0.003735
2022-06-14 20:39:09,83,1005,0.006644
2022-06-14 20:39:09,83,1006,0.002659
2022-06-14 20:39:10,83,1007,0.006502
2022-06-14 20:39:11,84,1008,0.004337
2022-06-14 20:39:11,84,1009,0.005805
2022-06-14 20:39:12,84,1010,0.003338
2022-06-14 20:39:12,84,1011,0.002161
2022-06-14 20:39:13,84,1012,0.003171
2022-06-14 20:39:13,84,1013,0.004636
2022-06-14 20:39:14,84,1014,0.004047
2022-06-14 20:39:14,84,1015,0.023991
2022-06-14 20:39:15,84,1016,0.006234
2022-06-14 20:39:15,84,1017,0.006009
2022-06-14 20:39:16,84,1018,0.003927
2022-06-14 20:39:16,84,1019,0.009500
2022-06-14 20:39:17,85,1020,0.004670
2022-06-14 20:39:18,85,1021,0.003722
2022-06-14 20:39:18,85,1022,0.004538
2022-06-14 20:39:19,85,1023,0.003477
2022-06-14 20:39:19,85,1024,0.003434
2022-06-14 20:39:20,85,1025,0.004458
2022-06-14 20:39:20,85,1026,0.009941
2022-06-14 20:39:21,85,1027,0.011885
2022-06-14 20:39:22,85,1028,0.002659
2022-06-14 20:39:22,85,1029,0.006841
2022-06-14 20:39:23,85,1030,0.044207
2022-06-14 20:39:23,85,1031,0.009524
2022-06-14 20:39:24,86,1032,0.003243
2022-06-14 20:39:24,86,1033,0.017144
2022-06-14 20:39:25,86,1034,0.005707
2022-06-14 20:39:25,86,1035,0.012333
2022-06-14 20:39:26,86,1036,0.009698
2022-06-14 20:39:26,86,1037,0.006555
2022-06-14 20:39:27,86,1038,0.012201
2022-06-14 20:39:28,86,1039,0.005962
2022-06-14 20:39:28,86,1040,0.002664
2022-06-14 20:39:29,86,1041,0.006628
2022-06-14 20:39:29,86,1042,0.005303
2022-06-14 20:39:30,86,1043,0.005005
2022-06-14 20:39:30,87,1044,0.003866
2022-06-14 20:39:31,87,1045,0.004903
2022-06-14 20:39:31,87,1046,0.027872
2022-06-14 20:39:32,87,1047,0.003751
2022-06-14 20:39:33,87,1048,0.028312
2022-06-14 20:39:33,87,1049,0.003679
2022-06-14 20:39:34,87,1050,0.003158
2022-06-14 20:39:34,87,1051,0.005440
2022-06-14 20:39:35,87,1052,0.006054
2022-06-14 20:39:35,87,1053,0.003993
2022-06-14 20:39:36,87,1054,0.009160
2022-06-14 20:39:36,87,1055,0.004895
2022-06-14 20:39:37,88,1056,0.006051
2022-06-14 20:39:38,88,1057,0.005346
2022-06-14 20:39:38,88,1058,0.005193
2022-06-14 20:39:39,88,1059,0.005905
2022-06-14 20:39:39,88,1060,0.002550
2022-06-14 20:39:40,88,1061,0.004152
2022-06-14 20:39:40,88,1062,0.009097
2022-06-14 20:39:41,88,1063,0.004700
2022-06-14 20:39:41,88,1064,0.005808
2022-06-14 20:39:42,88,1065,0.002776
2022-06-14 20:39:42,88,1066,0.011070
2022-06-14 20:39:43,88,1067,0.003969
2022-06-14 20:39:44,89,1068,0.006721
2022-06-14 20:39:44,89,1069,0.003710
2022-06-14 20:39:45,89,1070,0.002491
2022-06-14 20:39:45,89,1071,0.005932
2022-06-14 20:39:46,89,1072,0.006877
2022-06-14 20:39:46,89,1073,0.006624
2022-06-14 20:39:47,89,1074,0.006672
2022-06-14 20:39:47,89,1075,0.007801
2022-06-14 20:39:48,89,1076,0.004616
2022-06-14 20:39:48,89,1077,0.004708
2022-06-14 20:39:49,89,1078,0.002493
2022-06-14 20:39:49,89,1079,0.004678
2022-06-14 20:39:50,90,1080,0.002106
2022-06-14 20:39:51,90,1081,0.005519
2022-06-14 20:39:51,90,1082,0.003348
2022-06-14 20:39:52,90,1083,0.007424
2022-06-14 20:39:52,90,1084,0.002803
2022-06-14 20:39:53,90,1085,0.004800
2022-06-14 20:39:53,90,1086,0.004551
2022-06-14 20:39:54,90,1087,0.008138
2022-06-14 20:39:54,90,1088,0.004506
2022-06-14 20:39:55,90,1089,0.005576
2022-06-14 20:39:56,90,1090,0.002816
2022-06-14 20:39:56,90,1091,0.002465
2022-06-14 20:39:57,91,1092,0.004440
2022-06-14 20:39:57,91,1093,0.017694
2022-06-14 20:39:58,91,1094,0.004586
2022-06-14 20:39:58,91,1095,0.004019
2022-06-14 20:39:59,91,1096,0.002846
2022-06-14 20:39:59,91,1097,0.002009
2022-06-14 20:40:00,91,1098,0.005106
2022-06-14 20:40:01,91,1099,0.004277
2022-06-14 20:40:01,91,1100,0.004263
2022-06-14 20:40:02,91,1101,0.005576
2022-06-14 20:40:02,91,1102,0.006134
2022-06-14 20:40:03,91,1103,0.004433
2022-06-14 20:40:03,92,1104,0.006725
2022-06-14 20:40:04,92,1105,0.004044
2022-06-14 20:40:04,92,1106,0.004488
2022-06-14 20:40:05,92,1107,0.006362
2022-06-14 20:40:05,92,1108,0.002982
2022-06-14 20:40:06,92,1109,0.005235
2022-06-14 20:40:07,92,1110,0.002010
2022-06-14 20:40:07,92,1111,0.005259
2022-06-14 20:40:08,92,1112,0.001751
2022-06-14 20:40:08,92,1113,0.003443
2022-06-14 20:40:09,92,1114,0.011559
2022-06-14 20:40:09,92,1115,0.002327
2022-06-14 20:40:10,93,1116,0.003081
2022-06-14 20:40:10,93,1117,0.002379
2022-06-14 20:40:11,93,1118,0.002497
2022-06-14 20:40:12,93,1119,0.003888
2022-06-14 20:40:12,93,1120,0.002629
2022-06-14 20:40:13,93,1121,0.005460
2022-06-14 20:40:13,93,1122,0.002191
2022-06-14 20:40:14,93,1123,0.002217
2022-06-14 20:40:14,93,1124,0.003232
2022-06-14 20:40:15,93,1125,0.001790
2022-06-14 20:40:15,93,1126,0.004039
2022-06-14 20:40:16,93,1127,0.002501
2022-06-14 20:40:16,94,1128,0.005624
2022-06-14 20:40:17,94,1129,0.015478
2022-06-14 20:40:18,94,1130,0.003598
2022-06-14 20:40:18,94,1131,0.007523
2022-06-14 20:40:19,94,1132,0.006083
2022-06-14 20:40:19,94,1133,0.001824
2022-06-14 20:40:20,94,1134,0.017309
2022-06-14 20:40:20,94,1135,0.001254
2022-06-14 20:40:21,94,1136,0.006093
2022-06-14 20:40:21,94,1137,0.003433
2022-06-14 20:40:22,94,1138,0.001652
2022-06-14 20:40:22,94,1139,0.002535
2022-06-14 20:40:23,95,1140,0.018568
2022-06-14 20:40:24,95,1141,0.002840
2022-06-14 20:40:24,95,1142,0.025735
2022-06-14 20:40:25,95,1143,0.003893
2022-06-14 20:40:25,95,1144,0.002266
2022-06-14 20:40:26,95,1145,0.001950
2022-06-14 20:40:26,95,1146,0.001829
2022-06-14 20:40:27,95,1147,0.006420
2022-06-14 20:40:27,95,1148,0.004951
2022-06-14 20:40:28,95,1149,0.007884
2022-06-14 20:40:28,95,1150,0.001683
2022-06-14 20:40:29,95,1151,0.005622
2022-06-14 20:40:30,96,1152,0.003859
2022-06-14 20:40:31,96,1153,0.006570
2022-06-14 20:40:31,96,1154,0.005366
2022-06-14 20:40:32,96,1155,0.009017
2022-06-14 20:40:32,96,1156,0.006321
2022-06-14 20:40:33,96,1157,0.010826
2022-06-14 20:40:34,96,1158,0.005204
2022-06-14 20:40:34,96,1159,0.002161
2022-06-14 20:40:35,96,1160,0.005343
2022-06-14 20:40:35,96,1161,0.002781
2022-06-14 20:40:36,96,1162,0.003100
2022-06-14 20:40:36,96,1163,0.007410
2022-06-14 20:40:37,97,1164,0.003419
2022-06-14 20:40:37,97,1165,0.002408
2022-06-14 20:40:38,97,1166,0.002455
2022-06-14 20:40:39,97,1167,0.003286
2022-06-14 20:40:39,97,1168,0.002135
2022-06-14 20:40:40,97,1169,0.002548
2022-06-14 20:40:40,97,1170,0.002725
2022-06-14 20:40:41,97,1171,0.013895
2022-06-14 20:40:41,97,1172,0.003358
2022-06-14 20:40:42,97,1173,0.004254
2022-06-14 20:40:42,97,1174,0.002936
2022-06-14 20:40:43,97,1175,0.015631
2022-06-14 20:40:43,98,1176,0.004232
2022-06-14 20:40:44,98,1177,0.011167
2022-06-14 20:40:45,98,1178,0.001946
2022-06-14 20:40:45,98,1179,0.003018
2022-06-14 20:40:46,98,1180,0.002821
2022-06-14 20:40:46,98,1181,0.002810
2022-06-14 20:40:47,98,1182,0.005956
2022-06-14 20:40:47,98,1183,0.001147
2022-06-14 20:40:48,98,1184,0.005204
2022-06-14 20:40:48,98,1185,0.002415
2022-06-14 20:40:49,98,1186,0.006272
2022-06-14 20:40:49,98,1187,0.006816
2022-06-14 20:40:50,99,1188,0.001581
2022-06-14 20:40:51,99,1189,0.003153
2022-06-14 20:40:51,99,1190,0.002008
2022-06-14 20:40:52,99,1191,0.004616
2022-06-14 20:40:52,99,1192,0.003213
2022-06-14 20:40:53,99,1193,0.003186
2022-06-14 20:40:53,99,1194,0.001347
2022-06-14 20:40:54,99,1195,0.003977
2022-06-14 20:40:54,99,1196,0.002292
2022-06-14 20:40:55,99,1197,0.002046
2022-06-14 20:40:55,99,1198,0.002141
2022-06-14 20:40:56,99,1199,0.004400